Id,Name,Name mm,Name en,Nrc code
464,(လယရ) လှိုင်သာယာ-အရှေ့ပိုင်း,လယရ,LaYaYa,12
463,(ပခန) ပဲခူးမြို့နယ်,ပခန,PaKhaNa,7
462,(ပတရ) ပင်းတရ,ပတရ,PaTaRa,13
461,(ဒဂမသ) ဒဂုံမြို့သစ် - တောင်ပိုင်း,ဒဂမသ,DaGaMaTha,12
460,(ပတလ) ပေါင်းတလည်,ပတလ,PaTaLa,7
459,(ငဆန) ငွေဆောင်,ငဆန,NaHsaNa,14
458,(မလထ) ပန်လုံ,မလထ,MaLaHta,13
457,(မလတ) မိုင်းလုံ,မလတ,MaLaTa,13
456,(ပဆတ) ပန်ဆိုင်း / ကြူကုတ် ,ပဆတ,PaHsaTa,13
455,(မကထ) မန်ကန်,မကထ,MaKaHta,13
454,(တလထ) ကျိုင်းလတ်,တလထ,TaLaHta,13
453,(မထန) မုံးထ,မထန,MaHtaNa,13
452, (မစန ) မိုင်းစံ /မုန်းဆန်း,မစန,MaSaNa,13
451, (ကလဒ) ကာလိ ,ကလဒ,KaLaDa,13
450,(ပဂန) ပုဂံ,ပဂန,PaGaNa,9
449,(ယမန) ယော,ယမန,YaMaNa,8
448,(ပကန) ပိုင်ကျုံ,ပကန,PaKaNa,3
447,(မတန) မေတ္တာ,မတန,MaTaNa,6
446,(မကတ) မုံးကိုး,မကတ,MaKaTa,13
445,(ကကန) ကုန်းကြမ်း,ကကန,KaKaNa,13
444,(ကတလ) ကျောက်တစ်လုံး,ကတလ,KaTaLa,13
443,(ပလန) ပင်လောင်း,ပလန,PaLaNa,13
442,(မတန) မိုင်းတုံ,မတန,MaTaNa,13
441,(မနတ) မိုင်းနောင်,မနတ,MaNaTa,13
440,(မပန) မိုင်းပန်,မပန,MaPaNa,13
439,(ပယန) မက်မန်း,ပယန,PaYaNa,13
438,(မမန) မောက်မယ်,မမန,MaMaNa,13
437,(မယတ) မိုင်းယောင်း,မယတ,MaYaTa,13
436,(မယထ) မိုင်းယု,မယထ,MaYaHta,13
435,(မယန) မိုင်းယန်း,မယန,MaRaNa,13
434,(မလန) မိုင်းလား,မလန,MaLaNa,13
433,(နစန) နမ့်စန်,နစန,NaSaNa,13
432,(မပထ) မိုင်းပေါက် / မိုင်းဖျန်,မပထ,MaPaHta,13
431,(နတန) နမ့်တစ်,နတန,NaTaNa,13
430,(မဟရ) မန်ဟီးရိုး,မဟရ,MaHaRa,13
429,(နဖန) နားဖန်း ,နဖန,NaHpaNa,13
428,(မမထ) မိုင်းမော,မမထ,MaMaHta,13
427,(ပဆန) ပန်ဆန်း,ပဆန,PaHsaNa,13
426,(တတထ) တံတား,တတထ,TaTaHta,12
424,(ခအဇ) ချမ်းအေးသာစံ,ခအဇ,KhAaHsa,9
423,(ရသယ) ရွှေသောင်ယံ,ရသယ,YaThaYa,14
422,(ပစလ) ပြင်စလူ,ပစလ,PaSaLa,14
421,(ငရက) ငရုတ်ကောင်း,ငရက,NgaYaKa,14
420,(အမတ) အမာ,အမတ,AhMaTa,14
419,(တတန) တုံတာ,တတန,TaTaNa,13
418,(ပဝန) ပန်ဝိုင်,ပဝန,PaWaNa,13
417,(ပပက) ပုံပါကျင်,ပပက,PaPaKa,13
416,(နတရ) နောင်တရား,နတရ,NaTaYa,13
415,(မဖထ) မိုင်းဖျန်,မဖထ,MaPhaHta,13
414,(မငန) မိုင်းငေါ့,မငန,MaNgaNa,13
413,(မခတ) မိုင်းခုတ်,မခတ,MaKhaTa,13
412,(မထတ) မော်ထိုက်,မထတ,MaHtaTa,13
411,(ခလန) ခိုလမ်,ခလန,KaLaNa,13
410,(ကလထ) ကျိူင်းလပ်,ကလထ,KaLaHta,13
409,(ဟမန) ဟိုမိန်း,ဟမန,HaMaNa,13
408,(ဟဟန) ဟဲဟိုး,ဟဟန,HaHaNa,13
407,(အသယ) အေးသာယာ,အသယ,AhTaYa,13
406,(အတန) အင်တော,အတန,AhTaNa,13
405,(အပန) အောင်ပန်း,အပန,AhPaNa,13
404,(တပဝ) တောင်ပြိုလက်ဝဲ,တပဝ,TaPaWa,11
403,(မအတ) မအီ,မအတ,MaAhTa,11
402,(ကတလ) ကျိန္တလီ,ကတလ,KaTaLa,11
401,(ကခမ) ကျိုက္ခမီ,ကခမ,KaKhaMa,10
400,(ဥတသ) ဥတ္တရသီရိ,ဥတသ,OoTaYa,9
399,(ပဘန) ပျော်ဘွယ်,ပဘန,PaBaNa,9
398,(ငဇန) ငါန်းဇွန်,ငဇန,NgaZaNa,9
397,(ကထန) ကျောက်ထု,ကထန,KaHtaNa,8
395,(လပတ) လက်ပံတန်း,လပတ,LaPATa,7
394,(ကဝန) ကဝ,ကဝန,KaWaNa,7
393,(ပလတ) ပလောက်,ပလတ,PaLaTa,6
392,(ပကမ) ပြည်ကြီးမဏ္ဍိုင်,ပကမ,PaKaMa,6
391,(မအန) မြိတ်အနောက်,မအန,MaAhNa,6
390,(ကရရ) ကရသူရိ,ကရရ,KaYaYa,6
389,(ကလအ) ကလိန်အောင်,ကလအ,KaLaAh,6
388,(ပဆန) ပန်ဆောင်,ပဆန,PaSaNa,5
387,(မသန) မြို့သစ်,မသန,MaThaNa,5
386,(မပလ) မိုပိုင်းလွတ်,မပလ,MaPaLa,5
385,(မမတ) မြင်းမူ,မမတ,MaMaNa,5
384,(လရန) လေရှီး,လရန,LaYaNa,5
383,(လဟန) လဟယ်,လဟန,LaHaNa,5
382,(ခပန) ခမ်းပတ်,ခပန,KhaPaNa,5
381,(ကမန) ကျောက်မြောင်း,ကမန,KaMaNa,5
380,(ထပခ) ထန်ပါခွေ,ထပခ,HtaPaKha,5
379,(ဆမရ) ဆွမ္မရာ,ဆမရ,SaMaYa,5
378,(ဒဟန) ဒုံဟီး,ဒဟန,DaHaNa,5
377,(ရဇန) ရေဇွာ,ရဇန,YaZaNa,4
376,(ရခဒ) ရိဒ်ခေါဒါရ်,ရခဒ,YaKhaDa,4
375,(ဆမန) ဆမီး,ဆမန,SaMaNa,4
374,(ကခန) ကျီခါး,ကခန,KaKhaNa,4
373,(ရရသ) ရှမ်းရွာသစ်,ရရသ,YaYaTha,3
372,(ဝလမ) ဝေါလေမြိုင်,ဝလမ,WaLaMa,3
371,(သတက) သံတောင်ကြီး,သတက,ThaTaKa,3
370,(စကလ) စုကလိ,စကလ,SaKaLa,3
369,(လသန) လိပ်သို,လသန,LaThaNa,3
368,(ကမမ) ကမမောင်း,ကမမ,KaMaMa,3
367,(ဘသဆ) ဘုရားသုံးဆူ,ဘသဆ,BaThaSa,3
366,(ဘဂလ) ဘောဂလိ,ဘဂလ,BaGaLa,3
365,(ရသန) ရွာသစ်,ရသန,YaThaNa,2
364,(မစန) မယ်စဲ့,မစန,MaSaNa,2
363,(ရဗယ) ရှင်ဗွေယန်,ရဗယ,YaBaYa,1
362,(ဆဒန) ဆဒုံး,ဆဒန,SaDaNa,1
361,(ပဝန) ပန်ဝါ,ပဝန,PaWaNa,1
360,(ပနဒ) ပန်နန်းဒင်,ပနဒ,PaNaDa,1
359,(မလန) မြို့လှ,မလန,MaLaNa,1
358,(ကပတ) ကန်ပိုက်တီ,ကပတ,KaPaTa,1
357,(ကမတ) ကာမိုင်း,ကမတ,KaMaTa,1
356,(ခမက) ခမောက်ကြီး ,ခမက,KhaMaKa,6
355,(ကကထ) ကန်ကြီးထောင့်,ကကထ,KaKaHta,14
354,(ဇလန) ဇလွန်,ဇလန,ZaLaNa,14
353,(ရကန) ရေကြည်,ရကန,YaKaNa,14
352,(ပသန) ပုသိမ်(အနောက်),ပသန,PaThaNa,14
351,(ဝခမ) ဝါးခယ်မ,ဝခမ,WaKhaMa,14
350,(သပန) သာပေါင်း,သပန,ThaPaNa,14
349,(ဖပန) ဖျာပုံ,ဖပန,PhaPaNa,14
348,(ပတန) ပန်းတနော်,ပတန,PaTaNa,14
347,(ညတန) ညောင်တုန်း,ညတန,NyaTaNa,14
346,(ငသခ) ငါးသိုင်းချောင်း,ငသခ,NgaThaKha,14
345,(ငပတ) ငပုတော,ငပတ,NgaPaTa,14
344,(မမန) မြောင်းမြ,မမန,MaMaNa,14
343,(မအန) မြန်အောင်,မအန,MaAhaNa,14
342,(မမက) မော်လမြိုင်ကျွန်း,မမက,MaMaKa,14
341,(မအပ) မအူပင်,မအပ,MaAhPa,14
340,(လမန) လေးမျက်နှာ,လမန,LaMaNa,14
339,(လပတ) လပွတ္တာ,လပတ,LaPaTa,14
338,(ကပန) ကျုံပျော်,ကပန,KaPaNa,14
337,(ကကန) ကျောင်းကုန်း,ကကန,KaKaNa,14
336,(ကခန) ကြံခင်း,ကခန,KaKhaNa,14
335,(ကလန) ကျိုက်လတ်,ကလန,KaLaNa,14
334,(ခနန) ခနောင်,ခနန,KaNaNa,14
333,(အဂပ) အင်္ဂပူ,အဂပ,AhGaPa,14
332,(ဟသတ) ဟင်္သာတ,ဟသတ,HaThaTa,14
331,(ဟကက) ဟိုင်းကြီးကျွန်း,ဟကက,HaKaKa,14
330,(အမန) အိမ်မဲ,အမန,AhMaNa,14
329,(ပသရ) ပုသိမ်(အရှေ့),ပသရ,PaThaYa,14
328,(ဒဒရ) ဒေးဒရဲ,ဒဒရ,DaDaYa,14
327,(ဓနဖ) ဓနုဖြူ,ဓနဖ,DaNaPha,14
326,(ဘကလ) ဘိုကလေး,ဘကလ,BaKaLa,14
325,(ရစန) ရပ်စောက်,ရစန,YaSaNa,13
324,(ရငန) ရွာငံ,ရငန,YaNgaNa,13
323,(သပန) သီပေါ,သပန,ThaPaNa,13
322,(သနန) သိန္နီ,သနန,ThaNaNa,13
321,(တကန) တောင်ကြီး,တကန,TaKaNa,13
320,(တလန) တာလေ,တလန,TaLaNa,13
319,(တခလ) တာချီလိတ်,တခလ,TaKhaLa,13
318,(တမည) တာမိုးညဲ,တမည,TaMaNya,13
317,(တယန) တန့်ယန်း,တယန,TaYaNa,13
316,(ရညန) ရွှေညောင်,ရညန,YaNyaNa,13
315,(ဆဆန) ဆီဆိုင်,ဆဆန,SaSaNa,13
314,(ပတယ) ပင်းတယ,ပတယ,PaTaYa,13
313,(ပလတ) ပင်လုံ,ပလတ,PaLaTa,13
312,(ဖခန) ဖယ်ခုံ,ဖခန,PhaKhaNa,13
311,(ညရန) ညောင်ရွှေ,ညရန,NyaYaNa,13
310,(နခတ) နောင်ချို,နခတ,NaKhaTa,13
308,(နဆန) နမ့်ဆန်,နဆန,NaSaNa,13
307,(နခန) နမ့်ခမ်း,နခန,NaKhaNa,13
306,(နမတ) နမ့်မတူ,နမတ,NaMaTa,13
305,(မဆတ) မူဆယ်,မဆတ,MaSaTa,13
303,(မနန) မိုးနဲ,မနန,MaNaNa,13
302,(မမတ) မိုးမိတ်,မမတ,MaMaTa,13
301,(မတတ) မန်တုန်,မတတ,MaTaTa,13
300,(မရတ) မိုင်းရယ်,မရတ,MaYaTa,13
299,(မရန) မိုင်းရှုး,မရန,MaYaNa,13
298,(မဆန) မိုင်းဆတ်,မဆန,MaSaNa,13
297,(မပတ) မိုင်းပြင်း,မပတ,MaPaTa,13
296,(မဖန) မိုင်းဖြတ်,မဖန,MaPHaNa,13
295,(မခန) မိုင်းခတ်,မခန,MaKhaNa,13
294,(မကန) မိုင်းကိုင်,မကန,MaKaNa,13
293,(မဘန) မဘိမ်း,မဘန,MaBaNa,13
292,(လလန) လွှိုင်လင်,လလန,LaLaNa,13
291,(လခတ) လင်းခေး,လခတ,LaKhaTa,13
290,(လခန) လဲချား,လခန,LaKhaNa,13
289,(လကန) လောက်ကိုင်,လကန,LaKaNa,13
288,(လရန) လားရှိုး,လရန,LaYaNa,13
287,(ကခန) ကွတ်ခိုင်,ကခန,KaKhaNa,13
286,(ကမန) ကျောက်မဲ,ကမန,KaMaNa,13
285,(ကတန) ကျိုင်းတုံ,ကတန,KaTaNa,13
284,(ကတတ) ကျိုင်းတောင်း,ကတတ,KaTaTa,13
283,(ကသန) ကျေးသီး,ကသန,KaThaNa,13
282,(ကဟန) ကွန်ဟိန်း,ကဟန,KaHaNa,13
281,(ကလတ) ကွမ်းလုံ,ကလတ,KaLaTa,13
280,(ကလန) ကလော,ကလန,KaLaNa,13
279,(ဟပန) ဟိုပုံး,ဟပန,HaPaNa,13
278,(ဟပတ) ဟိုပန်,ဟပတ,HaPaTa,13
277,(ခရဟ) ချင်းရွှေဟော် မြို့နယ်ခွဲ,ခရဟ,KhaYaHa,13
276,(ရကန) ရန်ကင်း,ရကန,YaKaNa,12
275,(တတန) တွံတေး,တတန,TaTaNa,12
274,(သခန) သုံးခွ,သခန,ThaKhaNa,12
273,(သဃက) သင်္ဃန်းကျွန်း,သဃက,ThaGaKa,12
272,(သလန) သန်လျင်,သလန,ThaLaNa,12
271,(သကတ) သာကေတ,သကတ,ThaKaTa,12
270,(တမန) တာမွေ,တမန,TaMaNa,12
269,(တကန) တိုက်ကြီး,တကန,TaKaNa,12
268,(ဥကတ) တောင်ဥက္ကလာပ,ဥကတ,OuKaTa,12
267,(ရပသ) ရွှေပြည်သာ,ရပသ,YaPaTha,12
266,(ရပက) ရွှေပေါက်ကံ,ရပက,YaPaKa,12
265,(ဆကန) ဆိပ်ကမ်း,ဆကန,SaKaNa,12
264,(ဆကခ) ဆိပ်ကြီးခနောင်တို,ဆကခ,SaKakha,12
263,(စခန) စမ်းချောင်း,စခန,SaKhaNa,12
262,(ပဇတ) ပုဇွန်တောင်,ပဇတ,PaZaDa,12
261,(ပဘတ) ပန်းဘဲတန်း,ပဘတ,PaBaTa,12
260,(ဥကမ) မြောက်ဥက္ကလာပ,ဥကမ,OuKaMa,12
259,(မဂဒ) မင်္ဂလာဒုံ,မဂဒ,MaGaDa,12
258,(မဂတ) မင်္ဂလာတောင်ညွှန့်,မဂတ,MaGaTa,12
257,(မရက) မရမ်းကုန်း,မရက,MaYaKa,12
256,(လသန) လသာ,လသန,LaThaNa,12
255,(လမတ) လမ်းမတော်,လမတ,LaMata,12
254,(ကမတ) ကြည့်မြင်တိုင်,ကမတ,KaMaTa,12
253,(ကတန) ကျောက်တန်း,ကတန,KaTaNa,12
252,(ကတတ) ကျောက်တံတား,ကတတ,KaTaTa,12
251,(ကခက) ကွမ်းခြံကုန်း,ကခက,KaKhaKa,12
250,(ခရန) ခရမ်း,ခရန,KhaYaNa,12
249,(ကမန) ကော့မှုုး,ကမန,KaMaNa,12
248,(ကမရ) ကမာရွတ်,ကမရ,KaMaYa,12
247,(အစန) အင်းစိန်,အစန,AhSaNa,12
246,(ထတပ) ထန်းတပင်,ထတပ,HtaTaPa,12
245,(မဘန) မှော်ဘီ,မဘန,MaBaNa,12
244,(လကန) လှည်းကူး,လကန,LaKaNa,12
243,(လသယ) လှိုင်သာယာ,လသယ,LaThaYa,12
242,(လမန) လှိုင်,လမန,LaMaNa,12
241,(ဒပန) ဒေါပုံ,ဒပန,DaPaNa,12
240,(ဒလန) ဒလ,ဒလန,DaLaNa,12
239,(ဒဂတ) ဒဂုံမြို့သစ်(တောင်ပိုင်း),ဒဂတ,DaGaTa,12
238,(ဒဂဆ) ဒဂုံမြို့သစ်ဆိပ်ကမ်း မြို့နယ်,ဒဂဆ,DaGaSa,12
237,(ဒဂမ) ဒဂုံမြို့သစ်(မြောက်ပိုင်း),ဒဂမ,DaGaMa,12
236,(ဒဂရ) ဒဂုံမြို့သစ်(အရှေ့ပိုင်း),ဒဂရ,DaGaYa,12
235,(ဒဂန) ဒဂုံ,ဒဂန,DaGaNa,12
234,(ကကက) ကိုကိုးကျွန်း,ကကက,KaKaKa,12
233,(ဗတထ) ဗိုလ်တထောင်,ဗတထ,BaTaHta,12
232,(ဗဟန) ဗဟန်း,ဗဟန,BaHaNa,12
231,(အလန) အလုံ,အလန,AaLaNa,12
230,(ရသတ) ရသေ့တောင်,ရသတ,YaThaTa,11
229,(ရဗန) ရမ်းဗြဲ,ရဗန,YaBaNa,11
228,(သတန) သံတွဲ,သတန,ThaTaNa,11
227,(တကန) တောင်ကုတ်,တကန,TaKaNa,11
226,(စတန) စစ်တွေ,စတန,SaTaNa,11
225,(ပဏက) ပုဏ္ဏကျွန်း,ပဏက,PaNaKa,11
224,(ပတန) ပေါက်တော,ပတန,PaTaNa,11
223,(မပတ) မြေပုံ,မပတ,MaPaTa,11
222,(မဥန) မြောက်ဦး,မဥန,MaOuNa,11
221,(မပန) မင်းပြား,မပန,MaPaNa,11
220,(မတန) မောင်းတော,မတန,MaTaNa,11
219,(မအန) မာန်အောင်,မအန,MaAhNa,11
218,(ကတန) ကျောက်တော်,ကတန,KaTaNa,11
217,(ကဖန) ကျောက်ဖြူ,ကဖန,KaPhaNa,11
216,(ဂမန) ဂွ,ဂမန,GaMaNa,11
215,(ဘသတ) ဘူးသီးတောင်,ဘသတ,BaThaTa,11
214,(အမန) အမ်း,အမန,AaMaNa,11
213,(ရမန) ရေး,ရမန,YaMaNa,10
212,(လမန) လမိုင်း,လမန,LaMaNa,10
211,(ခဇန) ခေါဇာ,ခဇန,KhaZaNa,10
210,(သထန) သထုံ,သထန,ThaHtaNa,10
209,(သဖရ) သံဖြူဇရပ်,သဖရ,ThaPhaYa,10
208,(ပမန) ပေါင်,ပမန,PaMaNa,10
207,(မဒန) မုဒုံ,မဒန,MaDaNa,10
206,(မလမ) မော်လမြိုင်,မလမ,MaLaMa,10
205,(ကထန) ကျိုက်ထို,ကထန,KaHtaNa,10
204,(ကမရ) ကျိုက်မရော,ကမရ,KaMaYa,10
203,(ခဆန) ချောင်းဆုံ,ခဆန,KhaSaNa,10
202,(ဘလန) ဘီးလင်း,ဘလန,BaLaNa,10
201,(ရမသ) ရမည်းသင်း,ရမသ,YaMaTha,9
200,(ဝတန) ဝမ်းတွင်း,ဝတန,WaTaNa,9
199,(သစန) သာစည်,သစန,ThaSaNa,9
198,(သပက) သပိတ်ကျင်း,သပက,ThaPaKa,9
197,(တသန) တောင်သာ,တသန,TaThaNa,9
196,(တတဥ) တံတားဦး,တတဥ,TaTaOu,9
195,(တကန) တကောင်း,တကန,TaKaNa,9
194,(စကန) စဉ့်ကူး,စကန,SaKaNa,9
193,(စကတ) စဉ့်ကိုင်,စကတ,SaKaTa,9
192,(ပမန) ပျဉ်းမနား,ပမန,PaMaNa,9
191,(ပဥလ) ပြင်ဦးလွင်,ပဥလ,PaOuLa,9
190,(ပကခ) ပြည်ကြီးတံခွန်,ပကခ,PaKaKha,9
188,(ပသက) ပုသိမ်ကြီး,ပသက,PaThaKa,9
187,(ပလန) ပုလိပ်,ပလန,PaLaNa,9
186,(ညဥန) ညောင်ဦး,ညဥန,NyaOuNa,9
185,(ငသရ) င့ါသရောက်,ငသရ,NgaTaYa,9
184,(နထက) နွားထိုးကြီး,နထက,NaHtaKa,9
183,(မသန) မြစ်သား,မသန,MaThaNa,9
182,(မခန) မြင်းခြံ,မခန,MaKhaNa,9
181,(မကန) မိုးကုတ်,မကန,MaKaNa,9
180,(မထလ) မိတ္ထီလာ,မထလ,MaHtaLa,9
179,(မမန) မေမြို့,မမန,MaMaNa,9
178,(မတရ) မတ္တရာ,မတရ,MaTaYa,9
177,(မရတ) မန်းရှေ့တောင်,မရတ,MaYaTa,9
176,(မရမ) မန်းရှေ့မြောက်,မရမ,MaYaMa,9
175,(မနတ) မန်းနောက်တောင်,မနတ,MaNaTa,9
174,(မနမ) မန်းနောက်မြောက်,မနမ,MaNaMa,9
173,(မဟမ) မဟာအောင်မြေ,မဟမ,MaHaMa,9
172,(မလန) မလိူင်,မလန,MaLaNa,9
171,(ကဆန) ကျောက်ဆည်,ကဆန,KaSaNa,9
170,(ကပတ) ကျောက်ပန်းတောင်း,ကပတ,KaPaTa,9
169,(ခမစ) ချမ်းမြသာစည်,ခမစ,KhaMaSa,9
167,(အမဇ) အောင်မြေသာဇံ,အမဇ,AhMaZa,9
166,(အမရ) အမရပူရ,အမရ,AhMaYa,9
165,(ဇယသ) ဇေယျာသီရိ,ဇယသ,ZaYaTha,9
164,(ဇဗသ) ဇမ္ဗူသီရိ,ဇဗသ,ZaBaTha,9
163,(တကန) တပ်ကုန်း,တကန,TaKaNa,9
161,(ပဗသ) ပုဗ္ဗသီရိ,ပဗသ,PaBaTha,9
159,(လဝန) လယ်ဝေး,လဝန,LaWaNa,9
158,(ဒခသ) ဒက္ခိဏသီရိ,ဒခသ,DaKhaTha,9
157,(ရစက) ရေစကြို,ရစက,YaSaKa,8
156,(ရနခ) ရေနံချောင်း,ရနခ,YaNaKha,8
155,(ဆမန) ဆော,ဆမန,SaMaNa,8
154,(သရန) သရက်,သရန,ThaYaNa,8
153,(တတက) တောင်တွင်းကြီး,တတက,TaTaKa,8
152,(စကန) စကု,စကန,SaKaNa,8
151,(စတရ) စေတုတ္တရာ,စတရ,SaTaYa,8
150,(စလန) စလင်း,စလန,SaLaNa,8
149,(ပဖန) ပွင့်ဖြူ,ပဖန,PaPhaNa,8
148,(ပမန) ပေါက်,ပမန,PaMaNa,8
147,(ပခက) ပခုက္ကူ,ပခက,PaKhaKa,8
146,(ငဖန) ငါးဖယ်,ငဖန,NgaPhaNa,8
145,(နမန) နတ်မောက်,နမန,NaMaNa,8
144,(မသန) မြို့သစ်,မသန,MaThaNa,8
143,(မထန) မြေထဲ,မထန,MaHtaNa,8
142,(မမန) မြိုင်,မမန,MaMaNa,8
141,(မတန) မင်းတုန်း,မတန,MaTaNa,8
140,(မလန) မင်းလှ,မလန,MaLaNa,8
139,(မဘန) မင်းဘူး,မဘန,MaBaNa,8
138,(မကန) မကွေး,မကန,MaKaNa,8
137,(ကမန) ကံမ,ကမန,KaMaNa,8
136,(ထလန) ထီးလင်း,ထလန,HtaLaNa,8
135,(ဆပဝ) ဆင်ပေါင်ဝဲ,ဆပဝ,SaPaWa,8
134,(ဆဖန) ဆိပ်ဖြူ,ဆဖန,SaPhaNa,8
133,(ဂဂန) ဂန့်ဂေါ,ဂဂန,GaGaNa,8
132,(ခမန) ချောက်,ခမန,KhaMaNa,8
131,(အလန) အောင်လံ,အလန,AhLaNa,8
130,(ဇကန) ဇီးကုန်း,ဇကန,ZaKaNa,7
129,(ရတရ) ရေတာရှည်,ရတရ,YaTaYa,7
128,(ဝမန) ဝေါ,ဝမန,WaMaNa,7
127,(သဆန) သုံးဆယ်,သဆန,ThaSaNa,7
126,(သဝတ) သာယာဝတီ,သဝတ,ThaWaTa,7
125,(သကန) သဲကုန်း,သကန,ThaKaNa,7
124,(သနပ) သနပ်ပင်,သနပ,ThaNaPa,7
123,(တငန) တောင်ငူ,တငန,TaNgaNa,7
122,(ရတန) ရွှေတောင်,ရတန,YaTaNa,7
121,(ရကန) ရွှေကျင်,ရကန,YaKaNa,7
120,(ပတစ) ပြွန်တဆာ,ပတစ,PaTaSa,7
119,(ပမန) ပြည်,ပမန,PaMaNa,7
118,(ဖမန) ဖြူး,ဖမန,PhaMaNa,7
117,(ပတတ) ပေါင်းတည်,ပတတ,PaTaTa,7
116,(ပခန) ပေါက်ခေါင်း,ပခန,PaKhaNa,7
115,(ပတန) ပန်တောင်း,ပတန,PaTaNa,7
114,(ပခတ) ပဲခူး,ပခတ,PaKhaTa,7
113,(ပနက) ပဲနွယ်ကုန်း,ပနက,PaNaKa,7
112,(ညလပ) ညောင်လေးပင်,ညလပ,NyaLaPa,7
111,(နတလ) နတ်တလင်း,နတလ,NaTaLa,7
110,(မညန) မိုးညို,မညန,MaNyaNa,7
109,(မလန) မင်းလှ,မလန,MaLaNa,7
108,(မဒန) မဒေါက်,မဒန,MaDaNa,7
106,(ကတခ) ကျောက်တံခါး,ကတခ,KaTaKha,7
105,(ကကန) ကျောက်ကြီး,ကကန,KaKaNa,7
104,(ကပက) ကြို့ပင်ကောက်,ကပက,KaPaKa,7
103,(ကတတ) ကေတုမတီ,ကတတ,KaTaTa,7
102,(ထတပ) ထန်းတပင်,ထတပ,HtaTaPa,7
101,(ဒဥန) ဒိုက်ဦး,ဒဥန,DaOuNa,7
100,(အတန) အုတ်တွင်း,အတန,AhTaNa,7
98,(အဖန) အုတ်ဖို,အဖန,AhPhaNa,7
97,(ရဖန) ရေဖြူ,ရဖန,YaPhaNa,6
96,(သရခ) သရက်ချောင်း,သရခ,ThaYaKha,6
95,(တသရ) တနသာၤရီ,တသရ,TaThaYa,6
93,(ပလန) ပုလော,ပလန,PaLaNa,6
92,(ငရက) ငရုတ်ကောင်း,ငရက,NgaYaKa,6
91,(မအရ) မြိတ်အရှေ့,မအရ,MaAhYa,6
90,(မမန) မြိတ်,မမန,MaMaNa,6
89,(လလန) လောင်းလုံ,လလန,LaLaNa,6
88,(ကစန) ကျွန်းစု,ကစန,KaSaNa,6
87,(ကသန) ကော့သောင်း,ကသန,KaThaNa,6
86,(ထဝန) ထားဝယ်,ထဝန,HtaWaNa,6
85,(ဘပန) ဘုတ်ပြင်း,ဘပန,BaPaNa,6
84,(ရသက) ရွာသစ်ကြီး,ရသက,YaThaKa,5
83,(ယမပ) ယင်းမာပင်,ယမပ,YaMaPa,5
82,(ရဥန) ရေဦး,ရဥန,YaOuNa,5
81,(ဝသန) ဝမ်းသို,ဝသန,WaThaNa,5
80,(ဝလန) ဝက်လက်,ဝလန,WaLaNa,5
79,(တဆန) တန့်ဆည်,တဆန,TaSaNa,5
78,(တမန) တမူး,တမန,TaMaNa,5
77,(ရဘန) ရွှေဘို,ရဘန,YaBaNa,5
76,(ဆလက) ဆားလင်းကြီး,ဆလက,SaLaKa,5
75,(စကန) စစ်ကိုင်း,စကန,SaKaNa,5
74,(ပလဘ) ပင်လယ်ဘူး,ပလဘ,PaLanBa,5
73,(ဖပန) ဖောင်ပျင်း,ဖပန,PhaPaNa,5
72,(ပလန) ပုလဲ,ပလန,PaLaNa,5
71,(ငဇန) ငါးန်ဇွန်,ငဇန,NgaZaNa,5
70,(နယန) နန်းယွန်း,နယန,NaYaNa,5
69,(မမန) မြောင်,မမန,MaMaNa,5
68,(မရန) မုံရွာ,မရန,MaYaNa,5
67,(မကန) မင်းကင်း,မကန,MaKaNa,5
66,(မလန) မော်လိုက်,မလန,MaLaNa,5
65,(ကလန) ကျွန်းလှ,ကလန,KaLaNa,5
64,(ခဥတ) ခင်ဦး,ခဥတ,KhaOuTa,5
63,(ခတန) ခန္တီး,ခတန,KhaTaNa,5
62,(ကလတ) ကောလင်း,ကလတ,KaLaTa,5
61,(ကဘလ) ကန့်ဘလူ,ကဘလ,KaBaLa,5
60,(ကလဝ) ကလေးဝ,ကလဝ,KaLaWa,5
59,(ကလထ) ကလေး,ကလထ,KaLaHta,5
58,(ကသန) ကသာ,ကသန,KaThaNa,5
57,(ကနန) ကနီ,ကနန,KaNaNa,5
56,(အတန) အင်းတော်,အတန,AhTaNa,5
55,(ထခန) ထီးချိုင့်,ထခန,HtaKhaNa,5
54,(ဟမလ) ဟုမ္မလင်း,ဟမလ,HaMaLa,5
53,(ဒပယ) ဒီပဲယင်း,ဒပယ,DaPaYa,5
52,(ခဥန) ချောင်းဦး,ခဥန,KhaOuNa,5
51,(ဘတလ) ဘုတလင်,ဘတလ,BaTaLa,5
50,(ဗမန) ဗန်းမောက်,ဗမန,BaMaNa,5
49,(အရတ) အရာတော်,အရတ,AhYaTa,5
48,(တဇန) တွန်းဇံ,တဇန,TaZaNa,4
47,(တတန) တီးတိန်,တတန,TaTaNa,4
46,(ပလဝ) ပလက်ဝ,ပလဝ,PaLaWa,4
45,(ဖလန) ဖလမ်း,ဖလန,PhaLaNa,4
44,(မတန) မင်းတပ်,မတန,MaTaNa,4
43,(မတပ) မတူပီ,မတပ,MaTaPa,4
42,(ကပလ) ကန်ပက်လက်,ကပလ,KaPaLa,4
41,(ထတလ) ထန်တလန်,ထတလ,HtaTaLa,4
40,(ဟခန) ဟားခါး,ဟခန,HaKhaNa,4
39,(သတန) သံတောင်,သတန,ThaTaNa,3
38,(ဖပန) ဖျာပွန်,ဖပန,PhaPaNa,3
37,(ဘအန) ဘားအံ,ဘအန,BaAhNa,3
35,(မဝတ) မြဝတီ,မဝတ,MaWaTa,3
34,(ကဒန) ကျုံဒိုး,ကဒန,KaDaNa,3
33,(ကဆက) ကြာအင်းဆိပ်ကြီး,ကဆက,KaSaKa,3
32,(ကကရ) ကော့ကရိတ်,ကကရ,KaKaYa,3
31,(လဘန) လှိုင်းဘွဲ့,လဘန,LaBaNa,3
30,(ရတန) ရှားတော်,ရတန,YaTaNa,2
29,(ဖရဆ) ဖရူးဆိုး,ဖရဆ,PhaYaSa,2
28,(ဖဆန) ဖားဆောင်း,ဖဆန,PhaSaNa,2
27,(မဆန) မယ်ဆည်နန်,မဆန,MaSaNa,2
26,(လကန) လွိုင်ကော်,လကန,LaKaNa,2
25,(ဒမဆ) ဒီမောဆိုး,ဒမဆ,DaMaSa,2
24,(ဘလခ) ဘော်လခဲ,ဘလခ,BaLaKha,2
23,(ဝမန) ဝင်းမော်,ဝမန,WaMaNa,1
22,(တနန) တနိုင်း,တနန,TaNaNa,1
21,(ဆပဘ) ဆွမ်ပရာဘွမ်,ဆပဘ,SaPaBa,1
20,(ဆလန) ဆော့လော,ဆလန,SaLaNa,1
19,(ဆဘန) ဆင်ဘို,ဆဘန,SaBaNa,1
18,(ရကန) ရွှေကူ,ရကန,YaKaNa,1
17,(ပတအ) ပူတာအို,ပတအ,PaTaAh,1
16,(ဖကန) ဖားကန့်,ဖကန,PhaKaNa,1
15,(နမန) နောင်မွန်း,နမန,NaMaNa,1
14,(မကန) မြစ်ကြီးနား,မကန,MaKaNa,1
13,(မမန) မိုးမောက်,မမန,MaMaNa,1
12,(မကတ) မိုးကောင်း,မကတ,MaKaTa,1
11,(မညန) မိုးညင်း,မညန,MaNyaNa,1
10,(မစန) မံစီ,မစန,MaSaNa,1
9,(မခဘ) မချမ်းဘော,မခဘ,MaKhaBa,1
8,(လဂန) လွယ်ဂျယ်,လဂန,LaGaNa,1
7,(ခလဖ) ခေါင်လန်ဖူး,ခလဖ,KhaLaPha,1
6,(ကမန) ကာမီ,ကမန,KaMaNa,1
5,(ဟပန) ဟိုပင်,ဟပန,HaPaNa,1
4,(ဒဖယ) ဒေါ့ဖုန်းယန်,ဒဖယ,DaPhaYa,1
3,(ခဖန) ချီဖွေ,ခဖန,KhaPhaNa,1
2,(ဗမန) ဗန်းမော်,ဗမန,BaMaNa,1
1,(အဂယ) အင်ဂျန်းယန်,အဂယ,AhGaYa,1
